<?xml version="1.0" encoding="UTF-8"?>
<export version="E">
  <design>
    <source>C:\Users\DaveW\Desktop\Universitat\Enginyeria Electrònica de Telecomunicacions\2n EET\2n Semestre\Eines de Disseny\Pràctiques\Practica 2\AidarIglesias_DavidMiravent_P2\AidarIglesias_DavidMiravent_P2.kicad_sch</source>
    <date>07/03/2023 00:17:29</date>
    <tool>Eeschema (7.0.0)</tool>
    <sheet number="1" name="/" tstamps="/">
      <title_block>
        <title/>
        <company/>
        <rev/>
        <date/>
        <source>AidarIglesias_DavidMiravent_P2.kicad_sch</source>
        <comment number="1" value=""/>
        <comment number="2" value=""/>
        <comment number="3" value=""/>
        <comment number="4" value=""/>
        <comment number="5" value=""/>
        <comment number="6" value=""/>
        <comment number="7" value=""/>
        <comment number="8" value=""/>
        <comment number="9" value=""/>
      </title_block>
    </sheet>
  </design>
  <components>
    <comp ref="D1">
      <value>LED</value>
      <footprint>Diode_THT:D_A-405_P2.54mm_Vertical_AnodeUp</footprint>
      <libsource lib="Device" part="LED" description="Light emitting diode"/>
      <property name="Sheetname" value=""/>
      <property name="Sheetfile" value="AidarIglesias_DavidMiravent_P2.kicad_sch"/>
      <property name="ki_description" value="Light emitting diode"/>
      <property name="ki_keywords" value="LED diode"/>
      <sheetpath names="/" tstamps="/"/>
      <tstamps>72ff4f89-e125-42df-a95f-aa0a6940d875</tstamps>
    </comp>
    <comp ref="J1">
      <value>Conn_01x03_Pin</value>
      <footprint>Connector_PinHeader_2.54mm:PinHeader_1x03_P2.54mm_Vertical</footprint>
      <libsource lib="Connector" part="Conn_01x03_Pin" description="Generic connector, single row, 01x03, script generated"/>
      <property name="Sheetname" value=""/>
      <property name="Sheetfile" value="AidarIglesias_DavidMiravent_P2.kicad_sch"/>
      <property name="ki_description" value="Generic connector, single row, 01x03, script generated"/>
      <property name="ki_keywords" value="connector"/>
      <sheetpath names="/" tstamps="/"/>
      <tstamps>234f8940-61ef-42c9-8334-2b86750f2956</tstamps>
    </comp>
    <comp ref="R1">
      <value>100k</value>
      <footprint>Resistor_SMD:R_1206_3216Metric</footprint>
      <libsource lib="Device" part="R" description="Resistor"/>
      <property name="Sheetname" value=""/>
      <property name="Sheetfile" value="AidarIglesias_DavidMiravent_P2.kicad_sch"/>
      <property name="ki_description" value="Resistor"/>
      <property name="ki_keywords" value="R res resistor"/>
      <sheetpath names="/" tstamps="/"/>
      <tstamps>4c6a62c8-7441-46e5-9248-3c505d51f315</tstamps>
    </comp>
    <comp ref="R2">
      <value>68k</value>
      <footprint>Resistor_SMD:R_1206_3216Metric</footprint>
      <libsource lib="Device" part="R" description="Resistor"/>
      <property name="Sheetname" value=""/>
      <property name="Sheetfile" value="AidarIglesias_DavidMiravent_P2.kicad_sch"/>
      <property name="ki_description" value="Resistor"/>
      <property name="ki_keywords" value="R res resistor"/>
      <sheetpath names="/" tstamps="/"/>
      <tstamps>b1f195cc-282a-4693-be79-ab4f1eccffca</tstamps>
    </comp>
    <comp ref="R3">
      <value>1k</value>
      <footprint>Resistor_THT:R_Axial_DIN0204_L3.6mm_D1.6mm_P5.08mm_Horizontal</footprint>
      <libsource lib="Device" part="R" description="Resistor"/>
      <property name="Sheetname" value=""/>
      <property name="Sheetfile" value="AidarIglesias_DavidMiravent_P2.kicad_sch"/>
      <property name="ki_description" value="Resistor"/>
      <property name="ki_keywords" value="R res resistor"/>
      <sheetpath names="/" tstamps="/"/>
      <tstamps>e2f7350b-18ab-4d7d-a358-1b83dbf6c81e</tstamps>
    </comp>
    <comp ref="U1">
      <value>LM358_DFN</value>
      <footprint>Package_SO:SOIC-8-1EP_3.9x4.9mm_P1.27mm_EP2.29x3mm</footprint>
      <datasheet>www.st.com/resource/en/datasheet/lm358.pdf</datasheet>
      <libsource lib="Amplifier_Operational" part="LM358_DFN" description="Low-Power, Dual Operational Amplifiers, DFN-8"/>
      <property name="Sheetname" value=""/>
      <property name="Sheetfile" value="AidarIglesias_DavidMiravent_P2.kicad_sch"/>
      <property name="ki_description" value="Low-Power, Dual Operational Amplifiers, DFN-8"/>
      <property name="ki_keywords" value="dual opamp"/>
      <sheetpath names="/" tstamps="/"/>
      <tstamps>f3992e84-93f7-4ed2-8cdd-aae9f2fc5c5d d35b475d-4c69-479b-987f-dec1c9194ec8 a5bf4a0e-8c82-49a4-a159-844c36d159a3</tstamps>
    </comp>
  </components>
  <libparts>
    <libpart lib="Amplifier_Operational" part="LM358_DFN">
      <description>Low-Power, Dual Operational Amplifiers, DFN-8</description>
      <docs>www.st.com/resource/en/datasheet/lm358.pdf</docs>
      <footprints>
        <fp>DFN*2x2mm*P0.5mm*</fp>
      </footprints>
      <fields>
        <field name="Reference">U</field>
        <field name="Value">LM358_DFN</field>
        <field name="Footprint">Package_DFN_QFN:DFN-8-1EP_2x2mm_P0.5mm_EP1.05x1.75mm</field>
        <field name="Datasheet">www.st.com/resource/en/datasheet/lm358.pdf</field>
      </fields>
      <pins>
        <pin num="1" name="" type="output"/>
        <pin num="2" name="-" type="input"/>
        <pin num="3" name="+" type="input"/>
        <pin num="4" name="V-" type="power_in"/>
        <pin num="5" name="+" type="input"/>
        <pin num="6" name="-" type="input"/>
        <pin num="7" name="" type="output"/>
        <pin num="8" name="V+" type="power_in"/>
        <pin num="9" name="PAD" type="power_in"/>
      </pins>
    </libpart>
    <libpart lib="Connector" part="Conn_01x03_Pin">
      <description>Generic connector, single row, 01x03, script generated</description>
      <docs>~</docs>
      <footprints>
        <fp>Connector*:*_1x??_*</fp>
      </footprints>
      <fields>
        <field name="Reference">J</field>
        <field name="Value">Conn_01x03_Pin</field>
        <field name="Datasheet">~</field>
      </fields>
      <pins>
        <pin num="1" name="Pin_1" type="passive"/>
        <pin num="2" name="Pin_2" type="passive"/>
        <pin num="3" name="Pin_3" type="passive"/>
      </pins>
    </libpart>
    <libpart lib="Device" part="LED">
      <description>Light emitting diode</description>
      <docs>~</docs>
      <footprints>
        <fp>LED*</fp>
        <fp>LED_SMD:*</fp>
        <fp>LED_THT:*</fp>
      </footprints>
      <fields>
        <field name="Reference">D</field>
        <field name="Value">LED</field>
        <field name="Datasheet">~</field>
      </fields>
      <pins>
        <pin num="1" name="K" type="passive"/>
        <pin num="2" name="A" type="passive"/>
      </pins>
    </libpart>
    <libpart lib="Device" part="R">
      <description>Resistor</description>
      <docs>~</docs>
      <footprints>
        <fp>R_*</fp>
      </footprints>
      <fields>
        <field name="Reference">R</field>
        <field name="Value">R</field>
        <field name="Datasheet">~</field>
      </fields>
      <pins>
        <pin num="1" name="" type="passive"/>
        <pin num="2" name="" type="passive"/>
      </pins>
    </libpart>
  </libparts>
  <libraries>
    <library logical="Amplifier_Operational">
      <uri>C:\Program Files\KiCad\7.0\share\kicad\symbols\/Amplifier_Operational.kicad_sym</uri>
    </library>
    <library logical="Connector">
      <uri>C:\Program Files\KiCad\7.0\share\kicad\symbols\/Connector.kicad_sym</uri>
    </library>
    <library logical="Device">
      <uri>C:\Program Files\KiCad\7.0\share\kicad\symbols\/Device.kicad_sym</uri>
    </library>
  </libraries>
  <nets>
    <net code="1" name="GND">
      <node ref="J1" pin="3" pinfunction="Pin_3" pintype="passive"/>
      <node ref="R1" pin="1" pintype="passive"/>
      <node ref="R3" pin="2" pintype="passive"/>
      <node ref="U1" pin="4" pinfunction="V-" pintype="power_in"/>
    </net>
    <net code="2" name="Net-(D1-K)">
      <node ref="D1" pin="1" pinfunction="K" pintype="passive"/>
      <node ref="R3" pin="1" pintype="passive"/>
    </net>
    <net code="3" name="Net-(U1A--)">
      <node ref="R1" pin="2" pintype="passive"/>
      <node ref="R2" pin="1" pintype="passive"/>
      <node ref="U1" pin="2" pinfunction="-" pintype="input"/>
    </net>
    <net code="4" name="VAMP">
      <node ref="R2" pin="2" pintype="passive"/>
      <node ref="U1" pin="1" pintype="output"/>
      <node ref="U1" pin="5" pinfunction="+" pintype="input"/>
    </net>
    <net code="5" name="Vcc">
      <node ref="J1" pin="1" pinfunction="Pin_1" pintype="passive"/>
      <node ref="U1" pin="8" pinfunction="V+" pintype="power_in"/>
    </net>
    <net code="6" name="Vin">
      <node ref="J1" pin="2" pinfunction="Pin_2" pintype="passive"/>
      <node ref="U1" pin="3" pinfunction="+" pintype="input"/>
    </net>
    <net code="7" name="Vout">
      <node ref="D1" pin="2" pinfunction="A" pintype="passive"/>
      <node ref="U1" pin="6" pinfunction="-" pintype="input"/>
      <node ref="U1" pin="7" pintype="output"/>
    </net>
    <net code="8" name="unconnected-(U1C-PAD-Pad9)">
      <node ref="U1" pin="9" pinfunction="PAD" pintype="power_in+no_connect"/>
    </net>
  </nets>
</export>
