<?xml version="1.0" encoding="utf-8"?>
<!--/160029/1087982/2.49/28/3/Integrated Circuit/-->
<quadcept_library>
  <setting unit="mil" />
  <textstyle name="Default" height="47.244094488189" strokewidth="7.8740157480315" charwidth="47.244094488189" />
  <textstyle name="Dimension" height="19.6850393700787" strokewidth="0" charwidth="19.6850393700787" />
  <textstyle name="H127W0635TH00762" height="50" strokewidth="3" charwidth="25" />
  <textstyle name="H15W15TH02" height="59.0551181102362" strokewidth="7.8740157480315" charwidth="59.0551181102362" />
  <padstyle name="r199.8_70" surface="True" plated="False" isvia="False" nopaste="False" nomask="True" complex="False" holesize="0">
    <padshape layer="TOP" shape="rectangle" width="27.55905511811" height="78.661417322834" />
    <padshape layer="TOP_SOLDER_MASK" shape="rectangle" width="35.433070866141" height="86.535433070865" />
    <padshape layer="TOP_SOLDER_PASTE" shape="rectangle" width="27.55905511811" height="78.661417322834" />
  </padstyle>
  <footprint name="SOIC127P1034X264-28N" originx="0" originy="0" pickpointx="0" pickpointy="0">
    <pcbpin number="1" name="1" style="r199.8_70" originx="-186.06299212598" originy="325" rotation="90" />
    <pcbpin number="2" name="2" style="r199.8_70" originx="-186.06299212598" originy="275" rotation="90" />
    <pcbpin number="3" name="3" style="r199.8_70" originx="-186.06299212598" originy="225" rotation="90" />
    <pcbpin number="4" name="4" style="r199.8_70" originx="-186.06299212598" originy="175" rotation="90" />
    <pcbpin number="5" name="5" style="r199.8_70" originx="-186.06299212598" originy="125" rotation="90" />
    <pcbpin number="6" name="6" style="r199.8_70" originx="-186.06299212598" originy="74.999999999999" rotation="90" />
    <pcbpin number="7" name="7" style="r199.8_70" originx="-186.06299212598" originy="25" rotation="90" />
    <pcbpin number="8" name="8" style="r199.8_70" originx="-186.06299212598" originy="-25" rotation="90" />
    <pcbpin number="9" name="9" style="r199.8_70" originx="-186.06299212598" originy="-74.999999999999" rotation="90" />
    <pcbpin number="10" name="10" style="r199.8_70" originx="-186.06299212598" originy="-125" rotation="90" />
    <pcbpin number="11" name="11" style="r199.8_70" originx="-186.06299212598" originy="-175" rotation="90" />
    <pcbpin number="12" name="12" style="r199.8_70" originx="-186.06299212598" originy="-225" rotation="90" />
    <pcbpin number="13" name="13" style="r199.8_70" originx="-186.06299212598" originy="-275" rotation="90" />
    <pcbpin number="14" name="14" style="r199.8_70" originx="-186.06299212598" originy="-325" rotation="90" />
    <pcbpin number="15" name="15" style="r199.8_70" originx="186.06299212598" originy="-325" rotation="90" />
    <pcbpin number="16" name="16" style="r199.8_70" originx="186.06299212598" originy="-275" rotation="90" />
    <pcbpin number="17" name="17" style="r199.8_70" originx="186.06299212598" originy="-225" rotation="90" />
    <pcbpin number="18" name="18" style="r199.8_70" originx="186.06299212598" originy="-175" rotation="90" />
    <pcbpin number="19" name="19" style="r199.8_70" originx="186.06299212598" originy="-125" rotation="90" />
    <pcbpin number="20" name="20" style="r199.8_70" originx="186.06299212598" originy="-74.999999999999" rotation="90" />
    <pcbpin number="21" name="21" style="r199.8_70" originx="186.06299212598" originy="-25" rotation="90" />
    <pcbpin number="22" name="22" style="r199.8_70" originx="186.06299212598" originy="25" rotation="90" />
    <pcbpin number="23" name="23" style="r199.8_70" originx="186.06299212598" originy="74.999999999999" rotation="90" />
    <pcbpin number="24" name="24" style="r199.8_70" originx="186.06299212598" originy="125" rotation="90" />
    <pcbpin number="25" name="25" style="r199.8_70" originx="186.06299212598" originy="175" rotation="90" />
    <pcbpin number="26" name="26" style="r199.8_70" originx="186.06299212598" originy="225" rotation="90" />
    <pcbpin number="27" name="27" style="r199.8_70" originx="186.06299212598" originy="275" rotation="90" />
    <pcbpin number="28" name="28" style="r199.8_70" originx="186.06299212598" originy="325" rotation="90" />
    <line layer="TOP_PLACE_BOUND" originx="-235.23622047244" originy="365.74803149606" endx="235.23622047244" endy="365.74803149606" width="1.9685039370079" />
    <line layer="TOP_PLACE_BOUND" originx="235.23622047244" originy="365.74803149606" endx="235.23622047244" endy="-365.74803149606" width="1.9685039370079" />
    <line layer="TOP_PLACE_BOUND" originx="235.23622047244" originy="-365.74803149606" endx="-235.23622047244" endy="-365.74803149606" width="1.9685039370079" />
    <line layer="TOP_PLACE_BOUND" originx="-235.23622047244" originy="-365.74803149606" endx="-235.23622047244" endy="365.74803149606" width="1.9685039370079" />
    <line layer="TOP_ASSEMBLY" originx="-146.77165354331" originy="351.65354330708" endx="146.77165354331" endy="351.65354330708" width="3.9370078740157" />
    <line layer="TOP_ASSEMBLY" originx="146.77165354331" originy="351.65354330708" endx="146.77165354331" endy="-351.65354330708" width="3.9370078740157" />
    <line layer="TOP_ASSEMBLY" originx="146.77165354331" originy="-351.65354330708" endx="-146.77165354331" endy="-351.65354330708" width="3.9370078740157" />
    <line layer="TOP_ASSEMBLY" originx="-146.77165354331" originy="-351.65354330708" endx="-146.77165354331" endy="351.65354330708" width="3.9370078740157" />
    <line layer="TOP_ASSEMBLY" originx="-146.77165354331" originy="301.65354330708" endx="-96.771653543306" endy="351.65354330708" width="3.9370078740157" />
    <line layer="TOP_SILKSCREEN" originx="-132.99212598425" originy="351.65354330708" endx="132.99212598425" endy="351.65354330708" width="7.8740157480314" />
    <line layer="TOP_SILKSCREEN" originx="132.99212598425" originy="351.65354330708" endx="132.99212598425" endy="-351.65354330708" width="7.8740157480314" />
    <line layer="TOP_SILKSCREEN" originx="132.99212598425" originy="-351.65354330708" endx="-132.99212598425" endy="-351.65354330708" width="7.8740157480314" />
    <line layer="TOP_SILKSCREEN" originx="-132.99212598425" originy="-351.65354330708" endx="-132.99212598425" endy="351.65354330708" width="7.8740157480314" />
    <line layer="TOP_SILKSCREEN" originx="-225.3937007874" originy="352.55905511811" endx="-146.77165354331" endy="352.55905511811" width="7.8740157480314" />
  </footprint>
  <symbol name="PIC18F258-I_SO" originx="0" originy="0">
    <line originx="200" originy="100" endx="2100" endy="100" width="0" />
    <line originx="2100" originy="-1400" endx="2100" endy="100" width="0" />
    <line originx="2100" originy="-1400" endx="200" endy="-1400" width="0" />
    <line originx="200" originy="100" endx="200" endy="-1400" width="0" />
    <sympin number="1" originx="200" originy="0" rotation="180" length="100" width="7.8740157480315" flipped="False">
      <text name="pinname" originx="230" originy="0" style="Default" rotation="0" justify="left" flipped="False" hidden="False" data="\MCLR\/VPP" />
      <text name="pindes" originx="140" originy="20" style="Default" rotation="0" justify="lowerright" flipped="False" hidden="False" data="1" />
    </sympin>
    <sympin number="2" originx="200" originy="-100" rotation="180" length="100" width="7.8740157480315" flipped="False">
      <text name="pinname" originx="230" originy="-100" style="Default" rotation="0" justify="left" flipped="False" hidden="False" data="RA0/AN0/CVREF" />
      <text name="pindes" originx="140" originy="-80" style="Default" rotation="0" justify="lowerright" flipped="False" hidden="False" data="2" />
    </sympin>
    <sympin number="3" originx="200" originy="-200" rotation="180" length="100" width="7.8740157480315" flipped="False">
      <text name="pinname" originx="230" originy="-200" style="Default" rotation="0" justify="left" flipped="False" hidden="False" data="RA1/AN1" />
      <text name="pindes" originx="140" originy="-180" style="Default" rotation="0" justify="lowerright" flipped="False" hidden="False" data="3" />
    </sympin>
    <sympin number="4" originx="200" originy="-300" rotation="180" length="100" width="7.8740157480315" flipped="False">
      <text name="pinname" originx="230" originy="-300" style="Default" rotation="0" justify="left" flipped="False" hidden="False" data="RA2/AN2/VREF-" />
      <text name="pindes" originx="140" originy="-280" style="Default" rotation="0" justify="lowerright" flipped="False" hidden="False" data="4" />
    </sympin>
    <sympin number="5" originx="200" originy="-400" rotation="180" length="100" width="7.8740157480315" flipped="False">
      <text name="pinname" originx="230" originy="-400" style="Default" rotation="0" justify="left" flipped="False" hidden="False" data="RA3/AN3/VREF+" />
      <text name="pindes" originx="140" originy="-380" style="Default" rotation="0" justify="lowerright" flipped="False" hidden="False" data="5" />
    </sympin>
    <sympin number="6" originx="200" originy="-500" rotation="180" length="100" width="7.8740157480315" flipped="False">
      <text name="pinname" originx="230" originy="-500" style="Default" rotation="0" justify="left" flipped="False" hidden="False" data="RA4/T0CKI" />
      <text name="pindes" originx="140" originy="-480" style="Default" rotation="0" justify="lowerright" flipped="False" hidden="False" data="6" />
    </sympin>
    <sympin number="7" originx="200" originy="-600" rotation="180" length="100" width="7.8740157480315" flipped="False">
      <text name="pinname" originx="230" originy="-600" style="Default" rotation="0" justify="left" flipped="False" hidden="False" data="RA5/AN4/\SS\/LVDIN" />
      <text name="pindes" originx="140" originy="-580" style="Default" rotation="0" justify="lowerright" flipped="False" hidden="False" data="7" />
    </sympin>
    <sympin number="8" originx="200" originy="-700" rotation="180" length="100" width="7.8740157480315" flipped="False">
      <text name="pinname" originx="230" originy="-700" style="Default" rotation="0" justify="left" flipped="False" hidden="False" data="VSS_1" />
      <text name="pindes" originx="140" originy="-680" style="Default" rotation="0" justify="lowerright" flipped="False" hidden="False" data="8" />
    </sympin>
    <sympin number="9" originx="200" originy="-800" rotation="180" length="100" width="7.8740157480315" flipped="False">
      <text name="pinname" originx="230" originy="-800" style="Default" rotation="0" justify="left" flipped="False" hidden="False" data="OSC1/CLKI" />
      <text name="pindes" originx="140" originy="-780" style="Default" rotation="0" justify="lowerright" flipped="False" hidden="False" data="9" />
    </sympin>
    <sympin number="10" originx="200" originy="-900" rotation="180" length="100" width="7.8740157480315" flipped="False">
      <text name="pinname" originx="230" originy="-900" style="Default" rotation="0" justify="left" flipped="False" hidden="False" data="OSC2/CLKO/RA6" />
      <text name="pindes" originx="140" originy="-880" style="Default" rotation="0" justify="lowerright" flipped="False" hidden="False" data="10" />
    </sympin>
    <sympin number="11" originx="200" originy="-1000" rotation="180" length="100" width="7.8740157480315" flipped="False">
      <text name="pinname" originx="230" originy="-1000" style="Default" rotation="0" justify="left" flipped="False" hidden="False" data="RC0/T1OSO/T1CKI" />
      <text name="pindes" originx="140" originy="-980" style="Default" rotation="0" justify="lowerright" flipped="False" hidden="False" data="11" />
    </sympin>
    <sympin number="12" originx="200" originy="-1100" rotation="180" length="100" width="7.8740157480315" flipped="False">
      <text name="pinname" originx="230" originy="-1100" style="Default" rotation="0" justify="left" flipped="False" hidden="False" data="RC1/T1OSI" />
      <text name="pindes" originx="140" originy="-1080" style="Default" rotation="0" justify="lowerright" flipped="False" hidden="False" data="12" />
    </sympin>
    <sympin number="13" originx="200" originy="-1200" rotation="180" length="100" width="7.8740157480315" flipped="False">
      <text name="pinname" originx="230" originy="-1200" style="Default" rotation="0" justify="left" flipped="False" hidden="False" data="RC2/CCP1" />
      <text name="pindes" originx="140" originy="-1180" style="Default" rotation="0" justify="lowerright" flipped="False" hidden="False" data="13" />
    </sympin>
    <sympin number="14" originx="200" originy="-1300" rotation="180" length="100" width="7.8740157480315" flipped="False">
      <text name="pinname" originx="230" originy="-1300" style="Default" rotation="0" justify="left" flipped="False" hidden="False" data="RC3/SCK/SCL" />
      <text name="pindes" originx="140" originy="-1280" style="Default" rotation="0" justify="lowerright" flipped="False" hidden="False" data="14" />
    </sympin>
    <sympin number="28" originx="2100" originy="0" rotation="0" length="100" width="7.8740157480315" flipped="False">
      <text name="pinname" originx="2070" originy="0" style="Default" rotation="0" justify="right" flipped="False" hidden="False" data="RB7/PGD" />
      <text name="pindes" originx="2160" originy="20" style="Default" rotation="0" justify="lowerleft" flipped="False" hidden="False" data="28" />
    </sympin>
    <sympin number="27" originx="2100" originy="-100" rotation="0" length="100" width="7.8740157480315" flipped="False">
      <text name="pinname" originx="2070" originy="-100" style="Default" rotation="0" justify="right" flipped="False" hidden="False" data="RB6/PGC" />
      <text name="pindes" originx="2160" originy="-80" style="Default" rotation="0" justify="lowerleft" flipped="False" hidden="False" data="27" />
    </sympin>
    <sympin number="26" originx="2100" originy="-200" rotation="0" length="100" width="7.8740157480315" flipped="False">
      <text name="pinname" originx="2070" originy="-200" style="Default" rotation="0" justify="right" flipped="False" hidden="False" data="RB5/PGM" />
      <text name="pindes" originx="2160" originy="-180" style="Default" rotation="0" justify="lowerleft" flipped="False" hidden="False" data="26" />
    </sympin>
    <sympin number="25" originx="2100" originy="-300" rotation="0" length="100" width="7.8740157480315" flipped="False">
      <text name="pinname" originx="2070" originy="-300" style="Default" rotation="0" justify="right" flipped="False" hidden="False" data="RB4" />
      <text name="pindes" originx="2160" originy="-280" style="Default" rotation="0" justify="lowerleft" flipped="False" hidden="False" data="25" />
    </sympin>
    <sympin number="24" originx="2100" originy="-400" rotation="0" length="100" width="7.8740157480315" flipped="False">
      <text name="pinname" originx="2070" originy="-400" style="Default" rotation="0" justify="right" flipped="False" hidden="False" data="RB3/CANRX" />
      <text name="pindes" originx="2160" originy="-380" style="Default" rotation="0" justify="lowerleft" flipped="False" hidden="False" data="24" />
    </sympin>
    <sympin number="23" originx="2100" originy="-500" rotation="0" length="100" width="7.8740157480315" flipped="False">
      <text name="pinname" originx="2070" originy="-500" style="Default" rotation="0" justify="right" flipped="False" hidden="False" data="RB2/CANTX/INT2" />
      <text name="pindes" originx="2160" originy="-480" style="Default" rotation="0" justify="lowerleft" flipped="False" hidden="False" data="23" />
    </sympin>
    <sympin number="22" originx="2100" originy="-600" rotation="0" length="100" width="7.8740157480315" flipped="False">
      <text name="pinname" originx="2070" originy="-600" style="Default" rotation="0" justify="right" flipped="False" hidden="False" data="RB1/INT1" />
      <text name="pindes" originx="2160" originy="-580" style="Default" rotation="0" justify="lowerleft" flipped="False" hidden="False" data="22" />
    </sympin>
    <sympin number="21" originx="2100" originy="-700" rotation="0" length="100" width="7.8740157480315" flipped="False">
      <text name="pinname" originx="2070" originy="-700" style="Default" rotation="0" justify="right" flipped="False" hidden="False" data="RB0/INT0" />
      <text name="pindes" originx="2160" originy="-680" style="Default" rotation="0" justify="lowerleft" flipped="False" hidden="False" data="21" />
    </sympin>
    <sympin number="20" originx="2100" originy="-800" rotation="0" length="100" width="7.8740157480315" flipped="False">
      <text name="pinname" originx="2070" originy="-800" style="Default" rotation="0" justify="right" flipped="False" hidden="False" data="VDD" />
      <text name="pindes" originx="2160" originy="-780" style="Default" rotation="0" justify="lowerleft" flipped="False" hidden="False" data="20" />
    </sympin>
    <sympin number="19" originx="2100" originy="-900" rotation="0" length="100" width="7.8740157480315" flipped="False">
      <text name="pinname" originx="2070" originy="-900" style="Default" rotation="0" justify="right" flipped="False" hidden="False" data="VSS_2" />
      <text name="pindes" originx="2160" originy="-880" style="Default" rotation="0" justify="lowerleft" flipped="False" hidden="False" data="19" />
    </sympin>
    <sympin number="18" originx="2100" originy="-1000" rotation="0" length="100" width="7.8740157480315" flipped="False">
      <text name="pinname" originx="2070" originy="-1000" style="Default" rotation="0" justify="right" flipped="False" hidden="False" data="RC7/RX/DT" />
      <text name="pindes" originx="2160" originy="-980" style="Default" rotation="0" justify="lowerleft" flipped="False" hidden="False" data="18" />
    </sympin>
    <sympin number="17" originx="2100" originy="-1100" rotation="0" length="100" width="7.8740157480315" flipped="False">
      <text name="pinname" originx="2070" originy="-1100" style="Default" rotation="0" justify="right" flipped="False" hidden="False" data="RC6/TX/CK" />
      <text name="pindes" originx="2160" originy="-1080" style="Default" rotation="0" justify="lowerleft" flipped="False" hidden="False" data="17" />
    </sympin>
    <sympin number="16" originx="2100" originy="-1200" rotation="0" length="100" width="7.8740157480315" flipped="False">
      <text name="pinname" originx="2070" originy="-1200" style="Default" rotation="0" justify="right" flipped="False" hidden="False" data="RC5/SDO" />
      <text name="pindes" originx="2160" originy="-1180" style="Default" rotation="0" justify="lowerleft" flipped="False" hidden="False" data="16" />
    </sympin>
    <sympin number="15" originx="2100" originy="-1300" rotation="0" length="100" width="7.8740157480315" flipped="False">
      <text name="pinname" originx="2070" originy="-1300" style="Default" rotation="0" justify="right" flipped="False" hidden="False" data="RC4/SDI/SDA" />
      <text name="pindes" originx="2160" originy="-1280" style="Default" rotation="0" justify="lowerleft" flipped="False" hidden="False" data="15" />
    </sympin>
  </symbol>
  <component name="PIC18F258-I_SO" designatorprefix="IC" height="103.93700787401" footprint="SOIC127P1034X264-28N">
    <comppin designator="1" sympin="1" pinswap="0" gateswap="0" gate="1" group="1" side="" type="Any" name="|MCLR|/VPP" />
    <comppin designator="2" sympin="2" pinswap="0" gateswap="0" gate="1" group="1" side="" type="Any" name="RA0/AN0/CVREF" />
    <comppin designator="3" sympin="3" pinswap="0" gateswap="0" gate="1" group="1" side="" type="Any" name="RA1/AN1" />
    <comppin designator="4" sympin="4" pinswap="0" gateswap="0" gate="1" group="1" side="" type="Any" name="RA2/AN2/VREF-" />
    <comppin designator="5" sympin="5" pinswap="0" gateswap="0" gate="1" group="1" side="" type="Any" name="RA3/AN3/VREF+" />
    <comppin designator="6" sympin="6" pinswap="0" gateswap="0" gate="1" group="1" side="" type="Any" name="RA4/T0CKI" />
    <comppin designator="7" sympin="7" pinswap="0" gateswap="0" gate="1" group="1" side="" type="Any" name="RA5/AN4/|SS|/LVDIN" />
    <comppin designator="8" sympin="8" pinswap="0" gateswap="0" gate="1" group="1" side="" type="Any" name="VSS_1" />
    <comppin designator="9" sympin="9" pinswap="0" gateswap="0" gate="1" group="1" side="" type="Any" name="OSC1/CLKI" />
    <comppin designator="10" sympin="10" pinswap="0" gateswap="0" gate="1" group="1" side="" type="Any" name="OSC2/CLKO/RA6" />
    <comppin designator="11" sympin="11" pinswap="0" gateswap="0" gate="1" group="1" side="" type="Any" name="RC0/T1OSO/T1CKI" />
    <comppin designator="12" sympin="12" pinswap="0" gateswap="0" gate="1" group="1" side="" type="Any" name="RC1/T1OSI" />
    <comppin designator="13" sympin="13" pinswap="0" gateswap="0" gate="1" group="1" side="" type="Any" name="RC2/CCP1" />
    <comppin designator="14" sympin="14" pinswap="0" gateswap="0" gate="1" group="1" side="" type="Any" name="RC3/SCK/SCL" />
    <comppin designator="15" sympin="15" pinswap="0" gateswap="0" gate="1" group="1" side="" type="Any" name="RC4/SDI/SDA" />
    <comppin designator="16" sympin="16" pinswap="0" gateswap="0" gate="1" group="1" side="" type="Any" name="RC5/SDO" />
    <comppin designator="17" sympin="17" pinswap="0" gateswap="0" gate="1" group="1" side="" type="Any" name="RC6/TX/CK" />
    <comppin designator="18" sympin="18" pinswap="0" gateswap="0" gate="1" group="1" side="" type="Any" name="RC7/RX/DT" />
    <comppin designator="19" sympin="19" pinswap="0" gateswap="0" gate="1" group="1" side="" type="Any" name="VSS_2" />
    <comppin designator="20" sympin="20" pinswap="0" gateswap="0" gate="1" group="1" side="" type="Any" name="VDD" />
    <comppin designator="21" sympin="21" pinswap="0" gateswap="0" gate="1" group="1" side="" type="Any" name="RB0/INT0" />
    <comppin designator="22" sympin="22" pinswap="0" gateswap="0" gate="1" group="1" side="" type="Any" name="RB1/INT1" />
    <comppin designator="23" sympin="23" pinswap="0" gateswap="0" gate="1" group="1" side="" type="Any" name="RB2/CANTX/INT2" />
    <comppin designator="24" sympin="24" pinswap="0" gateswap="0" gate="1" group="1" side="" type="Any" name="RB3/CANRX" />
    <comppin designator="25" sympin="25" pinswap="0" gateswap="0" gate="1" group="1" side="" type="Any" name="RB4" />
    <comppin designator="26" sympin="26" pinswap="0" gateswap="0" gate="1" group="1" side="" type="Any" name="RB5/PGM" />
    <comppin designator="27" sympin="27" pinswap="0" gateswap="0" gate="1" group="1" side="" type="Any" name="RB6/PGC" />
    <comppin designator="28" sympin="28" pinswap="0" gateswap="0" gate="1" group="1" side="" type="Any" name="RB7/PGD" />
    <attached_symbol gate="1" name="PIC18F258-I_SO" />
    <pinmap designator="1" footprintpin="1" />
    <pinmap designator="2" footprintpin="2" />
    <pinmap designator="3" footprintpin="3" />
    <pinmap designator="4" footprintpin="4" />
    <pinmap designator="5" footprintpin="5" />
    <pinmap designator="6" footprintpin="6" />
    <pinmap designator="7" footprintpin="7" />
    <pinmap designator="8" footprintpin="8" />
    <pinmap designator="9" footprintpin="9" />
    <pinmap designator="10" footprintpin="10" />
    <pinmap designator="11" footprintpin="11" />
    <pinmap designator="12" footprintpin="12" />
    <pinmap designator="13" footprintpin="13" />
    <pinmap designator="14" footprintpin="14" />
    <pinmap designator="15" footprintpin="15" />
    <pinmap designator="16" footprintpin="16" />
    <pinmap designator="17" footprintpin="17" />
    <pinmap designator="18" footprintpin="18" />
    <pinmap designator="19" footprintpin="19" />
    <pinmap designator="20" footprintpin="20" />
    <pinmap designator="21" footprintpin="21" />
    <pinmap designator="22" footprintpin="22" />
    <pinmap designator="23" footprintpin="23" />
    <pinmap designator="24" footprintpin="24" />
    <pinmap designator="25" footprintpin="25" />
    <pinmap designator="26" footprintpin="26" />
    <pinmap designator="27" footprintpin="27" />
    <pinmap designator="28" footprintpin="28" />
    <text name="Datasheet" originx="0" originy="0" style="Default" rotation="0" justify="" flipped="False" hidden="True" data="https://datasheet.datasheetarchive.com/originals/distributors/Datasheets-35/DSA-681538.pdf" />
    <text name="Description" originx="0" originy="0" style="Default" rotation="0" justify="" flipped="False" hidden="True" data="Microcontroller,PIC18F258-I/SO 40MHz" />
    <text name="Manufacturer_Name" originx="0" originy="0" style="Default" rotation="0" justify="" flipped="False" hidden="True" data="Microchip" />
    <text name="Manufacturer_Part_Number" originx="2150" originy="200" style="Default" rotation="0" justify="left" flipped="False" hidden="False" data="PIC18F258-I/SO" />
    <text name="Mouser Part Number" originx="0" originy="0" style="Default" rotation="0" justify="" flipped="False" hidden="True" data="579-PIC18F258-I/SO" />
    <text name="Mouser Price/Stock" originx="0" originy="0" style="Default" rotation="0" justify="" flipped="False" hidden="True" data="https://www.mouser.co.uk/ProductDetail/Microchip-Technology-Atmel/PIC18F258-I-SO?qs=uMUszenkLLJD5g8PY%252BN5ow%3D%3D" />
    <text name="Arrow Part Number" originx="0" originy="0" style="Default" rotation="0" justify="" flipped="False" hidden="True" data="PIC18F258-I/SO" />
    <text name="Arrow Price/Stock" originx="0" originy="0" style="Default" rotation="0" justify="" flipped="False" hidden="True" data="https://www.arrow.com/en/products/pic18f258-iso/microchip-technology" />
  </component>
</quadcept_library>
